date,open,high,close,low,volume,price_change,p_change,ma5,ma10,ma20,v_ma5,v_ma10,v_ma20
2019-01-02,3.78,3.79,3.71,3.65,542696.62,-0.05,-1.33,3.792,3.913,3.995,566939.12,607646.27,763374.88
2019-01-03,3.7,3.76,3.74,3.67,551981.69,0.03,0.81,3.762,3.872,3.979,523553.25,578515.71,746483.64
2019-01-04,3.68,3.85,3.83,3.67,860509.38,0.09,2.41,3.76,3.846,3.964,615164.41,611741.23,707126.14
2019-01-07,3.86,3.91,3.89,3.83,861046.94,0.06,1.57,3.786,3.83,3.955,665812.87,623281.7,708556.46
2019-01-08,3.9,3.9,3.85,3.85,488644.81,-0.04,-1.03,3.804,3.822,3.945,660975.89,596307.8,707918.81
2019-01-09,3.86,3.93,3.86,3.83,677065.88,0.01,0.26,3.834,3.813,3.94,687849.74,627394.43,713855.34
2019-01-10,3.84,3.86,3.8,3.8,560124.12,-0.06,-1.55,3.846,3.804,3.929,689478.23,606515.74,722658.08
2019-01-11,3.8,3.85,3.83,3.8,368865.0,0.03,0.79,3.846,3.803,3.916,591149.35,603156.88,699094.77
2019-01-14,3.84,3.86,3.81,3.8,467984.44,-0.02,-0.52,3.83,3.808,3.899,512536.85,589174.86,671952.2
2019-01-15,3.82,3.88,3.86,3.8,676370.5,0.05,1.31,3.832,3.818,3.888,550081.99,605528.94,624939.11
2019-01-16,3.85,3.86,3.82,3.81,443858.22,-0.04,-1.04,3.824,3.829,3.871,503440.46,595645.1,601645.68
2019-01-17,3.82,3.87,3.82,3.78,625544.12,0.0,0.0,3.828,3.837,3.855,516524.46,603001.34,590758.53
2019-01-18,3.81,3.96,3.92,3.81,1460844.38,0.1,2.62,3.846,3.846,3.846,734920.33,663034.84,637388.03
2019-01-21,3.97,3.97,3.92,3.91,872268.88,0.0,0.0,3.868,3.849,3.84,815777.22,664157.04,643719.37
2019-01-22,3.91,3.92,3.86,3.85,649456.31,-0.06,-1.53,3.868,3.85,3.836,810394.38,680238.19,638272.99
2019-01-23,3.85,3.89,3.89,3.83,420930.88,0.03,0.78,3.882,3.853,3.833,805808.91,654624.69,641009.56
2019-01-24,3.88,3.89,3.86,3.83,440795.72,-0.03,-0.77,3.89,3.859,3.832,768859.23,642691.85,624603.79
2019-01-25,3.86,3.89,3.85,3.83,503613.91,-0.01,-0.26,3.876,3.861,3.832,577413.14,656166.74,629661.81
2019-01-28,3.87,3.89,3.84,3.83,502963.22,-0.01,-0.26,3.86,3.864,3.836,503552.01,659664.61,624419.74
2019-01-29,3.83,3.83,3.79,3.62,741417.56,-0.05,-1.3,3.846,3.857,3.838,521944.26,666169.32,635849.13
2019-01-30,3.76,3.83,3.79,3.73,397259.47,0.0,0.0,3.826,3.854,3.842,517209.98,661509.45,628577.27
2019-01-31,3.85,3.9,3.84,3.78,961437.75,0.05,1.32,3.822,3.856,3.847,621338.38,695098.81,649050.07
2019-02-01,3.86,3.91,3.9,3.83,744697.38,0.06,1.56,3.832,3.854,3.85,669555.08,623484.11,643259.47
2019-02-11,3.9,4.08,4.06,3.89,1529362.5,0.16,4.1,3.876,3.868,3.859,874834.93,689193.47,676675.25
2019-02-12,4.02,4.07,4.05,4.0,1218535.12,-0.01,-0.25,3.928,3.887,3.869,970258.44,746101.35,713169.77
2019-02-13,4.05,4.27,4.19,4.03,2219592.0,0.14,3.46,4.008,3.917,3.885,1334724.95,925967.46,790296.07
2019-02-14,4.17,4.19,4.16,4.11,1237516.88,-0.03,-0.72,4.072,3.947,3.903,1389940.78,1005639.58,824165.71
2019-02-15,4.14,4.26,4.16,4.12,1261206.88,0.0,0.0,4.124,3.978,3.92,1493242.68,1081398.88,868782.81
2019-02-18,4.22,4.33,4.32,4.18,1995174.12,0.16,3.85,4.176,4.026,3.945,1586405.0,1230619.97,945142.29
2019-02-19,4.33,4.44,4.31,4.24,1962003.0,-0.01,-0.23,4.228,4.078,3.968,1735098.58,1352678.51,1009423.92
2019-02-20,4.33,4.48,4.42,4.31,2525542.75,0.11,2.55,4.274,4.141,3.998,1796288.73,1565506.84,1113508.14
2019-02-21,4.42,4.46,4.34,4.32,1968130.5,-0.08,-1.81,4.31,4.191,4.024,1942411.45,1666176.11,1180637.46
2019-02-22,4.32,4.39,4.39,4.25,1587844.12,0.05,1.15,4.356,4.24,4.047,2007738.9,1750490.79,1186987.45
2019-02-25,4.46,4.78,4.78,4.46,3545060.5,0.39,8.88,4.448,4.312,4.09,2317716.17,1952060.59,1320627.03
2019-02-26,4.84,5.16,4.92,4.68,4384830.0,0.14,2.93,4.57,4.399,4.143,2802281.57,2268690.08,1507395.71
2019-02-27,4.85,4.98,4.8,4.7,2771506.75,-0.12,-2.44,4.646,4.46,4.189,2851474.37,2323881.55,1624924.51
2019-02-28,4.8,4.85,4.76,4.72,1378799.88,-0.04,-0.83,4.73,4.52,4.234,2733608.25,2338009.85,1671824.71
2019-03-01,4.81,4.84,4.79,4.69,1452321.5,0.03,0.63,4.81,4.583,4.281,2706503.73,2357121.31,1719260.09
2019-03-04,4.8,4.93,4.83,4.78,2540630.25,0.04,0.83,4.82,4.634,4.33,2505617.68,2411666.93,1821143.45
2019-03-05,4.79,4.88,4.88,4.73,2016524.5,0.05,1.03,4.812,4.691,4.385,2031956.58,2417119.08,1884898.79
2019-03-06,4.88,5.13,5.07,4.88,3865974.75,0.19,3.89,4.866,4.756,4.449,2250850.18,2551162.28,2058334.56
2019-03-07,5.04,5.34,5.15,4.96,3663596.0,0.08,1.58,4.944,4.837,4.514,2707809.4,2720708.83,2193442.47
2019-03-08,5.04,5.04,4.76,4.7,2927072.5,-0.39,-7.57,4.938,4.874,4.557,3002759.6,2854631.66,2302561.23
2019-03-11,4.76,4.86,4.85,4.69,1747854.88,0.09,1.89,4.942,4.881,4.597,2844204.53,2674911.1,2313485.84
2019-03-12,4.86,4.95,4.85,4.76,2082922.75,0.0,0.0,4.936,4.874,4.637,2857484.18,2444720.38,2356705.23
2019-03-13,4.84,4.92,4.83,4.75,1913375.25,-0.02,-0.41,4.888,4.877,4.669,2466964.28,2358907.23,2341394.39
2019-03-14,4.8,4.92,4.75,4.7,1775616.38,-0.08,-1.66,4.808,4.876,4.698,2089368.35,2398588.88,2368299.36
2019-03-15,4.84,4.87,4.76,4.73,1458064.38,0.01,0.21,4.808,4.873,4.728,1795566.73,2399163.16,2378142.24
2019-03-18,4.77,4.95,4.95,4.77,2330224.25,0.19,3.99,4.828,4.885,4.76,1912040.6,2378122.56,2394894.74
2019-03-19,4.92,4.97,4.93,4.87,1654261.62,-0.02,-0.4,4.844,4.89,4.791,1826308.38,2341896.28,2379507.68
2019-03-20,4.97,4.98,4.88,4.81,1614485.0,-0.05,-1.01,4.854,4.871,4.814,1766530.33,2116747.3,2333954.79
2019-03-21,4.88,4.94,4.87,4.85,1800054.25,-0.01,-0.2,4.878,4.843,4.84,1771417.9,1930393.13,2325550.98
2019-03-22,4.85,4.87,4.78,4.72,1795985.88,-0.09,-1.85,4.882,4.845,4.86,1839002.2,1817284.46,2335958.06
2019-03-25,4.67,4.7,4.61,4.61,1793810.88,-0.17,-3.56,4.814,4.821,4.851,1731719.53,1821880.06,2248395.58
2019-03-26,4.62,4.67,4.51,4.48,1353967.5,-0.1,-2.17,4.73,4.787,4.831,1671660.7,1748984.54,2096852.46
2019-03-27,4.53,4.56,4.48,4.43,914203.25,-0.03,-0.67,4.65,4.752,4.815,1531604.35,1649067.34,2003987.28
2019-03-28,4.48,4.6,4.53,4.43,1049218.5,0.05,1.12,4.582,4.73,4.803,1381437.2,1576427.55,1987508.21
2019-03-29,4.55,4.66,4.66,4.48,1462386.75,0.13,2.87,4.558,4.72,4.797,1314717.38,1576859.79,1988011.48
2019-04-01,4.69,5.03,4.95,4.69,3518611.75,0.29,6.22,4.626,4.72,4.803,1659677.55,1695698.54,2036910.55
2019-04-02,5.0,5.15,5.03,4.88,3559466.0,0.08,1.62,4.73,4.73,4.81,2100777.25,1886218.98,2114057.63
2019-04-03,4.98,5.05,5.01,4.91,2205528.5,-0.02,-0.4,4.836,4.743,4.807,2359042.3,1945323.33,2031035.31
2019-04-04,5.05,5.18,5.07,5.01,2720545.75,0.06,1.2,4.944,4.763,4.803,2693307.75,2037372.48,1983882.8
2019-04-08,5.18,5.22,5.09,5.03,2963372.25,0.02,0.39,5.03,4.794,4.82,2993504.85,2154111.11,1985697.79
2019-04-09,5.07,5.07,4.96,4.89,2199860.25,-0.13,-2.55,5.032,4.829,4.825,2729754.55,2194716.05,2008298.06
2019-04-10,4.91,4.98,4.95,4.88,1246151.62,-0.01,-0.2,5.016,4.873,4.83,2267091.67,2183934.46,1966459.5
2019-04-11,4.94,5.06,4.89,4.88,1673081.88,-0.06,-1.21,4.992,4.914,4.833,2160602.35,2259822.33,1954444.83
2019-04-12,4.85,4.91,4.85,4.8,1024947.31,-0.04,-0.82,4.948,4.946,4.838,1821482.66,2257395.21,1916911.38
2019-04-15,4.94,4.97,4.85,4.84,1175071.5,0.0,0.0,4.9,4.965,4.843,1463822.51,2228663.68,1902761.73
2019-04-16,4.81,4.96,4.96,4.76,1744537.12,0.11,2.27,4.9,4.966,4.843,1372757.89,2051256.22,1873477.38
2019-04-17,4.96,4.96,4.91,4.89,1279984.62,-0.05,-1.01,4.892,4.954,4.842,1379524.49,1823308.08,1854763.53
2019-04-18,4.91,4.94,4.82,4.81,1246219.38,-0.09,-1.83,4.878,4.935,4.839,1294151.99,1727377.17,1836350.25
2019-04-19,4.79,4.85,4.85,4.77,902117.06,0.03,0.62,4.878,4.913,4.838,1269585.94,1545534.3,1791453.39
2019-04-22,4.78,4.78,4.62,4.61,2211196.25,-0.23,-4.74,4.832,4.866,4.83,1476810.89,1470316.7,1812213.91
2019-04-23,4.62,4.64,4.55,4.51,1262970.62,-0.07,-1.51,4.75,4.825,4.827,1380497.59,1376627.74,1785671.89
2019-04-24,4.56,4.61,4.6,4.51,845820.5,0.05,1.1,4.688,4.79,4.832,1293664.76,1336594.62,1760264.54
2019-04-25,4.59,4.6,4.45,4.45,1012909.5,-0.15,-3.26,4.614,4.746,4.83,1247002.79,1270577.39,1765199.86
2019-04-26,4.42,4.45,4.37,4.37,773287.19,-0.08,-1.8,4.518,4.698,4.822,1221236.81,1245411.37,1751403.29
2019-04-29,4.37,4.4,4.17,4.12,1175475.0,-0.2,-4.58,4.428,4.63,4.798,1014092.56,1245451.72,1737057.7
2019-04-30,4.15,4.25,4.21,4.12,694018.12,0.04,0.96,4.36,4.555,4.761,900302.06,1140399.82,1595828.02
2019-05-06,4.09,4.11,3.91,3.8,1303745.25,-0.3,-7.13,4.222,4.455,4.705,991887.01,1142775.89,1483041.98
2019-05-07,3.95,4.01,3.97,3.9,770515.5,0.06,1.53,4.126,4.37,4.653,943408.21,1095205.5,1411291.33
2019-05-08,3.88,4.02,3.97,3.85,712823.0,0.0,0.0,4.046,4.282,4.598,931315.37,1076276.09,1310905.2
2019-05-09,3.93,4.0,3.93,3.9,585666.31,-0.04,-1.01,3.998,4.213,4.54,813353.64,913723.1,1192019.9
2019-05-10,3.95,4.02,4.0,3.88,901401.88,0.07,1.78,3.956,4.158,4.492,854830.39,877566.23,1127096.98
2019-05-13,3.97,3.99,3.91,3.91,546475.25,-0.09,-2.25,3.956,4.089,4.44,703376.39,847631.7,1092113.16
2019-05-14,3.87,3.95,3.89,3.85,503401.22,-0.02,-0.51,3.94,4.033,4.39,649953.53,796680.87,1033629.13
2019-05-15,3.92,3.95,3.93,3.91,526262.25,0.04,1.03,3.932,3.989,4.344,612641.38,771978.38,1008694.88
2019-05-16,3.94,4.07,4.05,3.93,1240672.38,0.12,3.05,3.956,3.977,4.304,743642.6,778498.12,1011974.92
2019-05-17,4.06,4.07,3.92,3.9,866835.69,-0.13,-3.21,3.94,3.948,4.252,736729.36,795779.87,968089.85
2019-05-20,3.9,3.94,3.94,3.82,598171.56,0.02,0.51,3.946,3.951,4.203,747068.62,725222.5,933999.2
2019-05-21,3.94,4.08,4.06,3.91,1022772.25,0.12,3.05,3.98,3.96,4.165,850942.83,750448.18,922826.84
2019-05-22,4.05,4.07,4.01,3.97,760889.75,-0.05,-1.23,3.996,3.964,4.123,897868.33,755254.85,915765.47
2019-05-23,4.0,4.0,3.92,3.91,542162.0,-0.09,-2.24,3.97,3.963,4.088,758166.25,750904.42,832313.76
2019-05-24,3.9,3.95,3.88,3.87,523058.41,-0.04,-1.02,3.962,3.951,4.055,689410.79,713070.08,795318.15
2019-05-27,3.89,3.96,3.94,3.88,509557.34,0.06,1.55,3.962,3.954,4.022,671687.95,709378.29,778504.99
2019-05-28,3.93,3.96,3.95,3.89,734983.81,0.01,0.25,3.94,3.96,3.997,614130.26,732536.54,764608.71
2019-05-29,3.93,4.03,4.0,3.91,911394.88,0.05,1.27,3.938,3.967,3.978,644231.29,771049.81,771514.09
2019-05-30,3.97,4.1,4.1,3.92,1651762.88,0.1,2.5,3.974,3.972,3.975,866151.46,812158.86,795328.49
2019-05-31,4.09,4.12,4.03,4.03,1087982.62,-0.07,-1.71,4.004,3.983,3.966,979136.31,834273.55,815026.71
2019-06-03,4.04,4.06,3.98,3.97,649407.06,-0.05,-1.24,4.012,3.987,3.969,1007106.25,839397.1,782309.8
2019-06-04,3.96,4.01,3.9,3.88,643347.25,-0.08,-2.01,4.002,3.971,3.966,988778.94,801454.6,775951.39
2019-06-05,3.93,3.96,3.91,3.9,417710.09,0.01,0.26,3.984,3.961,3.963,890041.98,767136.63,761195.74
2019-06-06,3.91,3.92,3.86,3.86,447531.59,-0.05,-1.28,3.936,3.955,3.959,649195.72,757673.59,754289.01
2019-06-10,3.89,3.93,3.91,3.86,465637.06,0.05,1.29,3.912,3.958,3.955,524726.61,751931.46,732500.77
2019-06-11,3.91,4.04,4.04,3.89,1029935.25,0.13,3.33,3.924,3.968,3.961,600832.25,803969.25,756673.77
2019-06-12,4.05,4.14,4.06,4.02,1317344.75,0.02,0.49,3.956,3.979,3.97,735631.75,862205.34,797370.94
2019-06-13,4.03,4.05,4.05,3.98,687767.0,-0.01,-0.25,3.984,3.984,3.976,789643.13,839842.56,805446.18
2019-06-14,4.05,4.11,4.02,4.0,775181.31,-0.03,-0.74,4.016,3.976,3.974,855173.07,752184.4,782171.63
2019-06-17,3.99,4.07,4.02,3.98,476747.56,0.0,0.0,4.038,3.975,3.979,857395.17,691060.89,762667.22
2019-06-18,4.0,4.02,3.96,3.92,631159.19,-0.06,-1.49,4.022,3.973,3.98,777639.96,689236.11,764316.6
2019-06-19,4.02,4.05,4.0,3.99,583944.94,0.04,1.01,4.01,3.983,3.977,630960.0,683295.87,742375.24
2019-06-20,4.02,4.07,4.06,3.98,955487.81,0.06,1.5,4.012,3.998,3.98,684504.16,737073.65,752105.14
2019-06-21,4.05,4.15,4.11,4.04,1412103.88,0.05,1.23,4.03,4.023,3.989,811888.68,833530.88,795602.23
2019-06-24,4.12,4.21,4.16,4.09,1241228.25,0.05,1.22,4.058,4.048,4.003,964784.81,911089.99,831510.73
2019-06-25,4.15,4.2,4.16,4.07,1234356.62,0.0,0.0,4.098,4.06,4.014,1085424.3,931532.13,867750.69
2019-06-26,4.12,4.14,4.08,4.08,693448.56,-0.08,-1.92,4.114,4.062,4.021,1107325.02,869142.51,865673.93
2019-06-27,4.09,4.12,4.1,4.08,563975.94,0.02,0.49,4.122,4.067,4.026,1029022.65,856763.41,848302.98
2019-06-28,4.0,4.01,3.96,3.95,552492.44,-0.03,-0.75,4.092,4.061,4.019,857100.36,834494.52,793339.46
2019-07-01,4.01,4.03,4.03,4.0,785663.81,0.07,1.77,4.066,4.062,4.019,765987.47,865386.14,778223.52
2019-07-02,4.03,4.14,4.11,3.99,1361951.0,0.08,1.99,4.056,4.077,4.025,791506.35,938465.33,813850.72
2019-07-03,4.1,4.1,4.03,4.03,897105.25,-0.08,-1.95,4.046,4.08,4.032,832237.69,969781.36,826538.62
2019-07-04,4.04,4.06,4.02,4.01,551847.12,-0.01,-0.25,4.03,4.076,4.037,829811.92,929417.29,833245.47
2019-07-05,4.02,4.03,4.01,3.99,315105.75,-0.01,-0.25,4.04,4.066,4.045,782334.59,819717.47,826624.17
2019-07-08,3.99,4.0,3.89,3.88,702894.62,-0.12,-2.99,4.012,4.039,4.044,765780.75,765884.11,838487.05
2019-07-09,3.89,3.91,3.9,3.86,397442.03,0.01,0.26,3.97,4.013,4.037,572878.95,682192.65,806862.39
2019-07-10,3.91,3.92,3.86,3.85,307275.12,-0.04,-1.03,3.936,3.991,4.027,454912.93,643575.31,756358.91
2019-07-11,3.88,3.92,3.86,3.84,377880.78,0.0,0.0,3.904,3.967,4.017,420119.66,624965.79,740864.6
2019-07-12,3.87,3.88,3.85,3.84,348980.38,-0.01,-0.26,3.872,3.956,4.009,426894.59,604614.59,719554.55
2019-07-15,3.85,3.89,3.86,3.79,511069.06,0.01,0.26,3.866,3.939,4.001,388529.47,577155.11,721270.63
2019-07-16,3.86,3.9,3.87,3.85,354583.84,0.01,0.26,3.86,3.915,3.996,379957.84,476418.4,707441.86
2019-07-17,3.87,3.88,3.85,3.85,322670.22,-0.02,-0.52,3.858,3.897,3.989,383036.86,418974.89,694378.12
2019-07-18,3.86,3.88,3.83,3.83,439977.31,-0.02,-0.52,3.852,3.878,3.977,395456.16,407787.91,668602.6
2019-07-19,3.85,3.91,3.88,3.84,508536.78,0.05,1.3,3.858,3.865,3.966,427367.44,427131.01,623424.24
2019-07-22,3.86,3.87,3.75,3.74,604888.5,-0.13,-3.35,3.836,3.851,3.945,446131.33,417330.4,591607.26
2019-07-23,3.76,3.78,3.78,3.75,253701.36,0.03,0.8,3.818,3.839,3.926,425954.83,402956.34,542574.49
2019-07-24,3.8,3.82,3.74,3.71,1383454.38,-0.04,-1.06,3.796,3.827,3.909,638111.67,510574.26,577074.78
2019-07-25,3.72,3.73,3.63,3.62,1521908.88,-0.11,-2.94,3.756,3.804,3.886,854497.98,624977.07,624971.43
2019-07-26,3.65,3.66,3.61,3.54,1676157.62,-0.02,-0.55,3.702,3.78,3.868,1088022.15,757694.8,681154.69
2019-07-29,3.59,3.59,3.54,3.51,1503955.75,-0.07,-1.94,3.66,3.748,3.844,1267835.6,856983.46,717069.29
2019-07-30,3.53,3.57,3.54,3.52,922831.69,0.0,0.0,3.612,3.715,3.815,1401661.66,913808.25,695113.32
2019-07-31,3.53,3.66,3.62,3.47,1809122.25,0.08,2.26,3.588,3.692,3.795,1486795.24,1062453.45,740714.17
2019-08-01,3.61,3.75,3.72,3.58,2776371.75,0.1,2.76,3.606,3.681,3.78,1737687.81,1296092.9,851940.4
2019-08-02,3.63,3.7,3.65,3.61,1337375.0,-0.07,-1.88,3.614,3.658,3.762,1669931.29,1378976.72,903053.87
2019-08-05,3.63,3.64,3.56,3.54,1304510.0,-0.09,-2.47,3.618,3.639,3.745,1630042.14,1448938.87,933134.64
2019-08-06,3.46,3.51,3.39,3.36,1624662.38,-0.17,-4.78,3.588,3.6,3.72,1770408.28,1586034.97,994495.65
2019-08-07,3.65,3.73,3.73,3.65,2908557.25,0.34,10.03,3.61,3.599,3.713,1990295.28,1738545.26,1124559.76
2019-08-08,3.87,4.02,3.74,3.72,5906440.0,0.01,0.27,3.614,3.61,3.707,2616308.93,2176998.37,1400987.72
2019-08-09,3.76,3.88,3.84,3.67,3204180.0,0.1,2.67,3.652,3.633,3.707,2989669.93,2329800.61,1543747.7
2019-08-12,3.76,3.79,3.72,3.68,1738009.0,-0.12,-3.12,3.684,3.651,3.7,3076369.73,2353205.93,1605094.7
2019-08-13,3.7,3.81,3.75,3.68,1655922.25,0.03,0.81,3.756,3.672,3.694,3082621.7,2426514.99,1670161.62
2019-08-14,3.78,3.9,3.85,3.71,2579072.5,0.1,2.67,3.78,3.695,3.694,3016724.75,2503510.01,1782981.73
2019-08-15,3.75,3.84,3.78,3.73,1485493.88,-0.07,-1.82,3.788,3.701,3.691,2132535.53,2374422.23,1835257.56
2019-08-16,3.78,3.79,3.73,3.73,1024652.31,-0.05,-1.32,3.766,3.709,3.684,1696629.99,2343149.96,1861063.34
2019-08-19,3.74,3.77,3.76,3.69,1197275.62,0.03,0.8,3.774,3.729,3.684,1588483.31,2332426.52,1890682.69
2019-08-20,3.74,3.82,3.76,3.72,1293226.88,0.0,0.0,3.776,3.766,3.683,1515944.24,2299282.97,1942658.97
2019-08-21,3.74,3.74,3.66,3.65,1444468.12,-0.1,-2.66,3.738,3.759,3.679,1289023.36,2152874.06,1945709.66
2019-08-22,3.67,3.68,3.66,3.6,986120.88,0.0,0.0,3.714,3.751,3.681,1189148.76,1660842.14,1918920.26
2019-08-23,3.66,3.67,3.58,3.57,988308.75,-0.08,-2.19,3.684,3.725,3.679,1181880.05,1439255.02,1884527.81
2019-08-26,3.52,3.65,3.6,3.5,1038476.12,0.02,0.56,3.652,3.713,3.682,1150120.15,1369301.73,1861253.83
2019-08-27,3.6,3.67,3.67,3.59,1000466.69,0.07,1.94,3.634,3.705,3.689,1091568.11,1303756.18,1865135.58
2019-08-28,3.63,3.68,3.61,3.61,607139.75,-0.06,-1.64,3.624,3.681,3.688,924102.44,1106562.9,1805036.46
2019-08-29,3.64,3.64,3.58,3.58,484219.16,-0.03,-0.83,3.608,3.661,3.681,823722.09,1006435.43,1690428.83
2019-08-30,3.6,3.63,3.59,3.56,693580.94,0.01,0.28,3.61,3.647,3.678,764776.53,973328.29,1658239.12
2019-09-02,3.64,3.66,3.63,3.62,694226.25,0.04,1.11,3.616,3.634,3.682,695926.56,923023.35,1627724.94
2019-09-03,3.64,3.73,3.71,3.61,1469055.0,0.08,2.2,3.624,3.629,3.698,789644.22,940606.17,1619944.57
2019-09-04,3.69,3.72,3.7,3.66,878798.5,-0.01,-0.27,3.642,3.633,3.696,843975.97,884039.2,1518456.63
2019-09-05,3.71,3.77,3.72,3.71,1550405.5,0.02,0.54,3.67,3.639,3.695,1057213.24,940467.67,1300654.91
2019-09-06,3.74,3.74,3.7,3.67,949884.75,-0.02,-0.54,3.692,3.651,3.688,1108474.0,936625.27,1187940.14
2019-09-09,3.71,3.74,3.74,3.68,1336580.25,0.04,1.08,3.714,3.665,3.689,1236944.8,966435.68,1167868.71
2019-09-10,3.73,3.87,3.77,3.72,2041889.62,0.03,0.8,3.726,3.675,3.69,1351511.72,1070577.97,1187167.07
2019-09-11,3.78,3.81,3.77,3.75,1005958.88,0.0,0.0,3.74,3.691,3.686,1376943.8,1110459.89,1108511.39
2019-09-12,3.79,3.82,3.78,3.73,1020981.25,0.01,0.27,3.752,3.711,3.686,1271058.95,1164136.09,1085285.76
2019-09-16,3.87,3.89,3.83,3.81,1537688.12,0.05,1.32,3.778,3.735,3.691,1388619.62,1248546.81,1110937.55
2019-09-17,3.81,3.82,3.72,3.72,1031810.81,-0.11,-2.87,3.774,3.744,3.689,1327665.74,1282305.27,1102664.31
2019-09-18,3.72,3.75,3.72,3.71,568701.06,0.0,0.0,3.764,3.745,3.687,1033028.02,1192269.87,1066438.02
2019-09-19,3.74,3.76,3.73,3.71,648252.75,0.01,0.27,3.756,3.748,3.691,961486.8,1169215.3,1026627.25
2019-09-20,3.74,3.74,3.73,3.7,586401.81,0.0,0.0,3.746,3.749,3.694,874570.91,1072814.93,1006641.3
2019-09-23,3.72,3.72,3.67,3.66,513659.28,-0.06,-1.61,3.714,3.746,3.699,669765.14,1029192.38,982908.82
2019-09-24,3.67,3.73,3.69,3.64,823918.5,0.02,0.55,3.708,3.741,3.703,628186.68,977926.21,972180.94
2019-09-25,3.67,3.83,3.77,3.64,1618418.25,0.08,2.17,3.718,3.741,3.708,838130.12,935579.07,1003078.52
2019-09-26,3.75,3.8,3.68,3.67,1094807.62,-0.09,-2.39,3.708,3.732,3.712,927441.09,944463.95,1027461.92
2019-09-27,3.68,3.72,3.67,3.66,635290.62,-0.01,-0.27,3.696,3.721,3.716,937218.85,905894.88,1035015.49
2019-09-30,3.67,3.68,3.64,3.61,508254.88,-0.03,-0.82,3.69,3.702,3.719,936137.97,802951.56,1025749.19
2019-10-08,3.62,3.65,3.61,3.59,464427.19,-0.03,-0.82,3.674,3.691,3.718,864239.71,746213.2,1014259.23
2019-10-09,3.59,3.63,3.62,3.58,352536.94,0.01,0.28,3.644,3.681,3.713,611063.45,724596.78,958433.33
2019-10-10,3.62,3.63,3.61,3.59,492227.19,-0.01,-0.28,3.63,3.669,3.709,490547.36,708994.23,939104.76
2019-10-11,3.61,3.64,3.62,3.58,530581.62,0.01,0.28,3.62,3.658,3.704,469605.56,703412.21,888113.57
2019-10-14,3.65,3.68,3.65,3.63,537756.31,0.03,0.83,3.622,3.656,3.701,475505.85,705821.91,867507.15
2019-10-15,3.66,3.66,3.6,3.59,498907.62,-0.05,-1.37,3.62,3.647,3.694,482401.94,673320.82,825623.52
2019-10-16,3.6,3.61,3.56,3.56,369344.94,-0.04,-1.11,3.608,3.626,3.684,485763.54,548413.49,741996.28
2019-10-17,3.55,3.57,3.56,3.54,320532.25,0.0,0.0,3.598,3.614,3.673,451424.55,470985.96,707724.95
2019-10-18,3.56,3.57,3.5,3.5,436020.84,-0.06,-1.69,3.574,3.597,3.659,432512.39,451058.98,678476.93
2019-10-21,3.48,3.49,3.46,3.44,376165.12,-0.04,-1.14,3.536,3.579,3.641,400194.15,437850.0,620400.78
2019-10-22,3.47,3.49,3.47,3.45,336977.78,0.01,0.29,3.51,3.565,3.628,367808.19,425105.06,585659.13
2019-10-23,3.48,3.48,3.45,3.44,274648.38,-0.02,-0.58,3.488,3.548,3.615,348868.87,417316.21,570956.49
2019-10-24,3.45,3.47,3.46,3.44,364795.28,0.01,0.29,3.468,3.533,3.601,357721.48,404573.01,556783.62
2019-10-25,3.46,3.47,3.47,3.43,304927.72,0.01,0.29,3.462,3.518,3.588,331502.86,382007.62,542709.92
2019-10-28,3.46,3.52,3.49,3.45,576751.25,0.02,0.58,3.468,3.502,3.579,371620.08,385907.12,545864.52
2019-10-29,3.49,3.49,3.44,3.44,367791.06,-0.05,-1.43,3.462,3.486,3.567,377782.74,372795.46,523058.14
2019-10-30,3.41,3.44,3.4,3.39,389477.25,-0.04,-1.16,3.452,3.47,3.548,400748.51,374808.69,461611.09
2019-10-31,3.41,3.43,3.4,3.38,335569.66,0.0,0.0,3.44,3.454,3.534,394903.39,376312.43,423649.2
2019-11-01,3.4,3.42,3.42,3.38,383711.5,0.02,0.59,3.43,3.446,3.522,410660.14,371081.5,411070.24
2019-11-04,3.42,3.47,3.45,3.41,537098.75,0.03,0.88,3.422,3.445,3.512,402729.64,387174.86,412512.43
2019-11-05,3.46,3.6,3.54,3.43,1044882.56,0.09,2.61,3.442,3.452,3.509,538147.94,457965.34,441535.2
2019-11-06,3.52,3.57,3.53,3.5,663431.81,-0.01,-0.28,3.468,3.46,3.504,592938.86,496843.68,457079.94
2019-11-07,3.51,3.53,3.49,3.48,342942.62,-0.04,-1.13,3.486,3.463,3.498,594413.45,494658.42,449615.72
2019-11-08,3.51,3.53,3.47,3.47,344868.25,-0.02,-0.57,3.496,3.463,3.491,586644.8,498652.47,440330.05
2019-11-11,3.48,3.48,3.4,3.39,422111.88,-0.07,-2.02,3.486,3.454,3.478,563647.42,483188.53,434547.83
2019-11-12,3.39,3.41,3.4,3.38,249177.12,0.0,0.0,3.458,3.45,3.468,404506.34,471327.14,422061.3
2019-11-13,3.4,3.41,3.4,3.38,258926.7,0.0,0.0,3.432,3.45,3.46,323605.31,458272.09,416540.39
2019-11-14,3.4,3.41,3.39,3.38,241910.23,-0.01,-0.29,3.412,3.449,3.452,303398.84,448906.14,412609.29
2019-11-15,3.39,3.4,3.37,3.37,337944.41,-0.02,-0.59,3.392,3.444,3.445,302014.07,444329.43,407705.47
2019-11-18,3.37,3.39,3.38,3.36,282940.94,0.01,0.3,3.388,3.437,3.441,274179.88,418913.65,403044.26
2019-11-19,3.38,3.46,3.46,3.37,637002.81,0.08,2.37,3.4,3.429,3.441,351745.02,378125.68,418045.51
2019-11-20,3.45,3.49,3.44,3.42,455854.16,-0.02,-0.58,3.408,3.42,3.44,391130.51,357367.91,427105.8
2019-11-21,3.43,3.44,3.41,3.4,280933.66,-0.03,-0.87,3.412,3.412,3.438,398935.2,351167.02,422912.72
2019-11-22,3.43,3.49,3.43,3.41,637896.06,0.02,0.59,3.424,3.408,3.436,458925.53,380469.8,439561.13
2019-11-25,3.43,3.56,3.55,3.42,1329525.0,0.12,3.5,3.458,3.423,3.439,668242.34,471211.11,477199.82
2019-11-26,3.54,3.54,3.48,3.48,974382.94,-0.07,-1.97,3.462,3.431,3.441,735718.36,543731.69,507529.42
2019-11-27,3.5,3.68,3.63,3.5,2082538.5,0.15,4.31,3.5,3.454,3.452,1061055.23,726092.87,592182.48
2019-11-28,3.6,3.65,3.58,3.57,1061409.12,-0.05,-1.38,3.534,3.473,3.461,1217150.32,808042.76,628474.45
2019-11-29,3.58,3.61,3.56,3.53,543590.38,-0.02,-0.56,3.56,3.492,3.468,1198289.19,828607.36,636468.4
2019-12-02,3.55,3.57,3.5,3.48,786785.19,-0.06,-1.69,3.55,3.504,3.471,1089741.23,878991.78,648952.72
2019-12-03,3.48,3.53,3.51,3.47,473045.75,0.01,0.29,3.556,3.509,3.469,989473.79,862596.08,620360.88
2019-12-04,3.49,3.64,3.61,3.48,1376617.0,0.1,2.85,3.552,3.526,3.473,848289.49,954672.36,656020.14
2019-12-05,3.63,3.65,3.62,3.59,909080.88,0.01,0.28,3.56,3.547,3.48,817823.84,1017487.08,684327.05
2019-12-06,3.63,3.82,3.74,3.62,2590873.5,0.12,3.31,3.596,3.578,3.493,1227280.46,1212784.83,796627.31
2019-12-09,3.77,3.79,3.74,3.72,1024100.31,0.0,0.0,3.644,3.597,3.51,1274743.49,1182242.36,826726.73
2019-12-10,3.74,3.8,3.76,3.72,995815.38,0.02,0.54,3.694,3.625,3.528,1379297.41,1184385.6,864058.65
2019-12-11,3.79,3.79,3.71,3.69,843236.31,-0.05,-1.33,3.714,3.633,3.544,1272621.28,1060455.38,893274.13
2019-12-12,3.71,3.74,3.68,3.67,548256.12,-0.03,-0.81,3.726,3.643,3.558,1200456.32,1009140.08,908591.42
2019-12-13,3.72,3.76,3.76,3.71,929439.06,0.08,2.17,3.73,3.663,3.578,868169.44,1047724.95,938166.15
2019-12-16,3.78,3.79,3.76,3.72,715347.75,0.0,0.0,3.734,3.689,3.597,806418.92,1040581.21,959786.49
2019-12-17,3.78,3.88,3.82,3.76,1806770.62,0.06,1.6,3.746,3.72,3.615,968609.97,1173953.69,1018274.88
2019-12-18,3.81,3.84,3.81,3.78,875735.19,-0.01,-0.26,3.766,3.74,3.633,975109.75,1123865.51,1039268.94
2019-12-19,3.8,3.84,3.8,3.79,701517.06,-0.01,-0.26,3.79,3.758,3.653,1005761.94,1103109.13,1060298.11
2019-12-20,3.82,3.83,3.73,3.72,615054.0,-0.07,-1.84,3.784,3.757,3.668,942884.92,905527.18,1059156.0
2019-12-23,3.73,3.82,3.73,3.71,910519.0,0.0,0.0,3.778,3.756,3.677,981919.17,894169.05,1038205.7
2019-12-24,3.74,4.1,4.1,3.73,4729429.0,0.37,9.92,3.834,3.79,3.708,1566450.85,1267530.41,1225958.01
2019-12-25,4.07,4.25,4.2,4.02,3728751.5,0.1,2.44,3.912,3.839,3.736,2137054.11,1556081.93,1308268.66
2019-12-26,4.2,4.23,4.16,4.08,1968750.62,-0.04,-0.95,3.984,3.887,3.765,2390500.82,1698131.38,1353635.73
2019-12-27,4.18,4.53,4.33,4.14,4261539.5,0.17,4.09,4.104,3.944,3.804,3119797.92,2031341.42,1539533.19
2019-12-30,4.35,4.5,4.38,4.3,2850262.0,0.05,1.16,4.234,4.006,3.848,3507746.52,2244832.85,1642707.03
2019-12-31,4.34,4.43,4.36,4.27,2046912.25,-0.02,-0.46,4.286,4.06,3.89,2971243.17,2268847.01,1721400.35
2020-01-02,4.39,4.45,4.37,4.31,2449631.25,0.01,0.23,4.32,4.116,3.928,2715419.12,2426236.62,1775051.07
2020-01-03,4.42,4.57,4.48,4.32,3113213.0,0.11,2.52,4.384,4.184,3.971,2944311.6,2667406.21,1885257.67
2020-01-06,4.46,4.65,4.49,4.44,3306883.0,0.01,0.22,4.416,4.26,4.009,2753380.3,2936589.11,1921058.15
2020-01-07,4.45,4.49,4.42,4.37,1834330.62,-0.07,-1.56,4.424,4.329,4.043,2550194.02,3028970.27,1961569.66
2020-01-08,4.42,4.51,4.46,4.38,2153188.5,0.04,0.91,4.444,4.365,4.078,2571449.27,2771346.22,2019438.32
2020-01-09,4.5,4.56,4.42,4.38,1930605.75,-0.04,-0.9,4.454,4.387,4.113,2467644.17,2591531.65,2073806.79
2020-01-10,4.43,4.43,4.38,4.24,2906158.5,-0.04,-0.91,4.434,4.409,4.148,2426233.27,2685272.44,2191701.91
2020-01-13,4.36,4.44,4.39,4.31,1254018.75,0.01,0.23,4.414,4.415,4.18,2015660.42,2384520.36,2207930.89
2020-01-14,4.45,4.83,4.71,4.42,4622908.0,0.32,7.29,4.472,4.448,4.227,2573375.9,2561784.96,2403308.91
2020-01-15,4.67,4.74,4.56,4.53,3019233.75,-0.15,-3.19,4.492,4.468,4.264,2746584.95,2659017.11,2463932.06
2020-01-16,4.58,4.62,4.49,4.46,1346024.62,-0.07,-1.53,4.506,4.48,4.298,2629668.72,2548656.45,2487446.53
2020-01-17,4.49,4.51,4.42,4.35,1405554.12,-0.07,-1.56,4.514,4.474,4.329,2329547.85,2377890.56,2522648.39
2020-01-20,4.41,4.42,4.38,4.31,1418837.5,-0.04,-0.91,4.512,4.463,4.362,2362511.6,2189086.01,2562837.56
2020-01-21,4.36,4.36,4.2,4.2,1352236.88,-0.18,-4.11,4.41,4.441,4.385,1708377.37,2140876.64,2584923.46
2020-01-22,4.19,4.37,4.33,4.14,1586856.88,0.13,3.1,4.364,4.428,4.397,1421902.0,2084243.48,2427794.85
2020-01-23,4.23,4.38,4.12,4.06,1824796.5,-0.21,-4.85,4.29,4.398,4.393,1517656.38,2073662.55,2332597.1
2020-02-03,3.71,3.71,3.71,3.71,517910.0,-0.41,-9.95,4.148,4.331,4.37,1340127.55,1834837.7,2260055.07
2020-02-04,3.56,3.86,3.78,3.56,2373530.75,0.07,1.89,4.028,4.27,4.343,1531066.2,1946788.9,2165654.63
2020-02-05,3.86,4.15,3.97,3.8,2733358.0,0.19,5.03,3.982,4.196,4.322,1807290.43,1757833.9,2159809.43
2020-02-06,3.9,3.99,3.97,3.83,2415279.75,0.0,0.0,3.91,4.137,4.303,1972975.0,1697438.5,2178227.81
2020-02-07,3.92,3.93,3.88,3.82,1436428.75,-0.09,-2.27,3.862,4.076,4.278,1895301.45,1706478.91,2127567.68
2020-02-10,3.83,4.12,4.08,3.81,2587332.25,0.2,5.16,3.936,4.042,4.258,2309185.9,1824656.73,2101273.64
2020-02-11,4.1,4.34,4.28,4.02,3807507.5,0.2,4.9,4.036,4.032,4.248,2595981.25,2063523.73,2126304.87
2020-02-12,4.22,4.71,4.71,4.18,4632595.5,0.43,10.05,4.184,4.083,4.262,2975828.75,2391559.59,2266218.11
2020-02-13,4.92,5.18,5.02,4.72,7865100.0,0.31,6.58,4.394,4.152,4.29,4065792.8,3019383.9,2551813.69
2020-02-14,5.11,5.52,5.42,5.05,8267794.5,0.4,7.97,4.702,4.282,4.34,5432065.95,3663683.7,2868673.13
2020-02-17,5.31,5.43,5.4,5.24,5307174.5,-0.02,-0.37,4.966,4.451,4.391,5976034.4,4142610.15,2988723.93
2020-02-18,5.33,5.42,5.25,5.17,4872485.0,-0.15,-2.78,5.16,4.598,4.434,6189029.9,4392505.58,3169647.24
2020-02-19,4.9,4.93,4.73,4.73,7489465.0,-0.52,-9.9,5.164,4.674,4.435,6760403.8,4868116.28,3312975.09
2020-02-20,4.78,4.82,4.68,4.59,4604364.0,-0.05,-1.06,5.096,4.745,4.441,6108256.6,5087024.7,3392231.6
2020-02-21,4.63,4.73,4.6,4.53,4286228.0,-0.08,-1.71,4.932,4.817,4.447,5311943.3,5372004.63,3539241.77
2020-02-24,4.53,4.54,4.41,4.26,4626075.5,-0.19,-4.13,4.734,4.85,4.446,5175723.5,5575878.95,3700267.84
2020-02-25,4.33,4.62,4.6,4.29,5526913.0,0.19,4.31,4.604,4.882,4.457,5306609.1,5747819.5,3905671.61
2020-02-26,4.5,4.54,4.38,4.35,3562477.0,-0.22,-4.78,4.534,4.849,4.466,4521211.5,5640807.65,4016183.62
2020-02-27,4.4,4.47,4.38,4.32,2121864.0,0.0,0.0,4.474,4.785,4.469,4024711.5,5066484.05,4042933.98
2020-02-28,4.23,4.31,4.07,4.04,2929729.25,-0.31,-7.08,4.368,4.65,4.466,3753411.75,4532677.53,4098180.61
2020-03-02,4.12,4.26,4.22,4.08,1959451.25,0.15,3.69,4.33,4.532,4.492,3220086.9,4197905.2,4170257.68
2020-03-03,4.26,4.41,4.27,4.23,2754018.0,0.05,1.19,4.264,4.434,4.516,2665507.9,3986058.5,4189282.04
2020-03-04,4.3,4.35,4.29,4.16,2431996.0,0.02,0.47,4.246,4.39,4.532,2439411.7,3480311.6,4174213.94
2020-03-05,4.31,4.33,4.32,4.23,2127439.5,0.03,0.7,4.234,4.354,4.55,2440526.8,3232619.15,4159821.93
2020-03-06,4.26,4.42,4.33,4.23,3100882.5,0.01,0.23,4.286,4.327,4.572,2474757.45,3114084.6,4243044.61
2020-03-09,4.36,4.39,4.17,4.14,2609100.0,-0.16,-3.69,4.276,4.303,4.577,2604687.2,2912387.05,4244133.0
2020-03-10,4.07,4.24,4.22,4.0,2371561.25,0.05,1.2,4.266,4.265,4.574,2528195.85,2596851.88,4172335.69
2020-03-11,4.23,4.23,4.08,4.08,1781246.25,-0.14,-3.32,4.224,4.235,4.542,2398045.9,2418728.8,4029768.23
2020-03-12,4.01,4.06,3.93,3.9,1827869.88,-0.15,-3.68,4.146,4.19,4.488,2338131.98,2389329.39,3727906.72
2020-03-13,3.69,3.89,3.85,3.64,1896947.38,-0.08,-2.04,4.05,4.168,4.409,2097344.95,2286051.2,3409364.36
2020-03-16,3.87,3.88,3.69,3.67,1544803.62,-0.16,-4.16,3.954,4.115,4.324,1884485.68,2244586.44,3221245.82
2020-03-17,3.7,3.78,3.75,3.59,1465418.0,0.06,1.63,3.86,4.063,4.249,1703257.03,2115726.44,3050892.47
2020-03-18,3.76,3.81,3.6,3.6,1777385.0,-0.15,-4.0,3.764,3.994,4.192,1702484.78,2050265.34,2765288.47
2020-03-19,3.59,3.64,3.56,3.49,1640169.5,-0.04,-1.11,3.69,3.918,4.136,1664944.7,2001538.34,2617078.74
